,p_good,pred_good_0p5,GoodReview
4744,0.0004445090180957594,0,0
6375,0.49839696910264003,0,0
4973,0.0003467276793580116,0,0
1945,0.25682389725842436,0,0
7661,0.19122288088095563,0,1
8529,0.23530667215016052,0,0
8470,0.07183459139823586,0,0
44,0.9999919653956207,1,1
7831,0.0004680543475197341,0,0
9063,0.9961574633572352,1,1
4626,0.8852241791508426,1,0
3669,0.9886263426119385,1,1
5488,0.0014957232505867404,0,0
8486,0.035940031268075115,0,0
1840,0.8300402766517131,1,0
148,0.9724502618430652,1,1
8368,0.0035292450996566847,0,0
5137,0.7004932982110915,1,1
5328,0.34263575507242333,0,0
9435,0.5064997978088492,1,0
1784,0.1081217322324658,0,0
8046,0.9900673656429408,1,1
271,0.9997485532020799,1,1
3400,0.4455677636472191,0,0
9057,0.9876476833357393,1,1
5311,0.8838591488169312,1,1
4930,0.08654515424476521,0,0
1219,0.9993450215837594,1,1
313,0.14500575622291773,0,0
5620,0.9482087831907123,1,1
141,0.9998825965827993,1,1
4455,0.9914200456758788,1,1
471,0.9966957985449297,1,1
1080,0.004316615044002368,0,0
8314,0.8767097549296301,1,1
4435,0.9987177110192537,1,1
4128,0.16671875095424704,0,0
3736,0.8505637208843976,1,1
2866,0.9760017104563483,1,1
6486,0.9983629131757854,1,1
1387,0.9986696149338018,1,1
5072,0.7474396821852205,1,1
2380,0.9977145069584459,1,1
2491,0.999831964805306,1,1
593,0.9963976963898334,1,1
9474,0.7512156960755005,1,1
902,0.9618292971645629,1,1
1719,0.0020016305570002453,0,0
3113,0.9314366353469398,1,1
3053,0.9984336921291409,1,1
2704,0.9997585238527561,1,1
2785,0.9990535767540772,1,1
436,0.9992395606992581,1,1
9913,0.8428144156082118,1,0
1359,0.6838528866100497,1,1
9632,0.9490624712699219,1,0
7299,0.8211820702205609,1,1
8866,0.9279134490781494,1,1
4736,0.0012077996817784354,0,0
827,0.003458594971105599,0,0
4989,0.9422532487560623,1,1
5429,0.0010582522202605574,0,0
7623,0.8677104900643356,1,1
942,0.8115094937737133,1,0
5185,0.007151157515120366,0,0
3855,0.9877495560486587,1,1
6541,0.3242965464943279,0,0
5353,0.5327051305779745,1,1
2693,0.9480670911042504,1,1
1299,0.9488651103343602,1,1
1022,0.14871242451552033,0,0
4260,0.9493488137600564,1,1
2463,0.8774082492301167,1,1
9820,0.5782409231438719,1,0
6560,0.879361542951031,1,1
8706,0.9671022251913686,1,1
1465,0.999963950444386,1,1
4176,0.06138649205256227,0,0
5526,0.6407671705609682,1,0
7779,0.13490636810587983,0,0
9333,0.9078002139983677,1,1
8764,0.8735665618646881,1,0
7308,0.976258785539864,1,1
9791,0.9243313585054694,1,1
6026,0.9989266074408529,1,1
8607,0.00039451146159578157,0,0
7716,0.9999354878645853,1,1
9986,0.7731336056826915,1,1
160,0.9784249507471192,1,1
235,0.9975720820092159,1,1
1722,0.061044598604894196,0,0
9296,0.8997708169699712,1,1
1217,0.4659224646776463,0,1
5246,0.9062594613556451,1,0
4636,0.9673376171177576,1,1
8336,0.8839214168336722,1,1
6936,0.9663276595971085,1,1
4656,0.8857124816390266,1,0
5654,0.11633456550618462,0,1
175,0.9998995769096244,1,1
8370,0.9992245045268688,1,1
9230,0.5204390456409773,1,1
1989,0.012627605896365279,0,0
103,0.9990756207718399,1,1
5536,0.9468653567341649,1,1
8032,0.8417782355245846,1,1
5301,0.33475241584385945,0,0
3777,0.968711502875559,1,1
1967,0.0007197805086519945,0,0
7385,0.9160578518921847,1,1
2070,0.26874512486069146,0,1
9073,0.27651925182257203,0,1
8396,0.005660437206634045,0,0
8196,0.0022172857546514098,0,0
4149,0.8783118149333458,1,1
6951,0.9925232705416241,1,1
5045,0.8466013412472333,1,1
5037,0.7287096866030198,1,1
9846,0.7822472903659115,1,1
7524,0.3393715355317165,0,0
8539,0.9055855427019892,1,1
2809,0.6123252039706837,1,1
2034,0.3716045278089692,0,0
9589,0.9086057369819672,1,1
3800,0.9860758706457625,1,1
1768,0.00034493841049675143,0,0
6612,0.9774516941925716,1,1
6655,0.9971132259077253,1,1
3778,0.9766308590838312,1,1
3038,0.5169966769658007,1,0
5976,0.7501943375872329,1,1
7172,0.0013097789672575624,0,0
9568,0.6658385034447183,1,1
1751,0.0006249738379369177,0,0
6805,0.5765909827897554,1,1
4808,0.9638367926423603,1,1
9134,0.9796149509197221,1,1
1736,0.08657237819922707,0,0
863,0.9462627636425832,1,1
4574,0.001448382800614405,0,0
4027,0.7471068392233351,1,1
7094,0.8304962176068136,1,1
3867,0.9985375542180901,1,1
3513,0.0005955385914094342,0,0
8162,0.09870547864484741,0,0
9092,0.011666064106738849,0,0
3826,0.07329164831496737,0,0
2467,0.9926809881703108,1,1
2142,0.00016324832312200518,0,0
4331,0.9665685530504792,1,1
594,0.9985657739956227,1,1
9446,0.1168753489752952,0,0
4858,0.9950094940589864,1,1
7432,0.918142082874271,1,0
9409,0.07180019008108114,0,0
477,0.1710656640064968,0,1
3290,0.0007508674443524468,0,0
4667,0.999256754878123,1,1
3322,0.45657821255363207,0,0
6126,0.997657820070285,1,1
4762,0.8045516973766794,1,1
4206,0.9570966458827916,1,1
8494,0.0007203007995287569,0,0
8033,0.23953656789875916,0,0
9570,0.11979307079589867,0,1
4237,0.922870762715529,1,1
5169,0.9172870080620545,1,1
1825,0.7693656528450061,1,0
5070,0.986509516366417,1,1
7729,0.8915114616468508,1,1
595,0.975868559194719,1,1
8226,0.0004067359333922583,0,0
19,0.9975019342989508,1,1
9278,0.9948071923491126,1,1
2854,0.4578412255890106,0,0
1585,0.0008935801300309534,0,0
5262,0.9801359930380281,1,1
6676,0.9280775409576605,1,1
8813,0.9747973509834542,1,1
6881,0.60277812470743,1,0
5040,0.021785079688300707,0,0
8702,0.1560140190045859,0,0
3307,0.9679579616648134,1,1
4019,0.9881957704710166,1,1
3619,0.881551203199663,1,1
9039,0.3539627703579123,0,0
5133,0.0007519921182352451,0,0
1240,0.9997265829121432,1,1
6507,0.9988608779780783,1,1
8705,0.4019028374837002,0,1
6235,0.16202182755142538,0,1
1496,0.9998930145857268,1,1
7781,0.9771288763858073,1,1
8495,0.0008403396729194922,0,0
9003,0.9998172932710435,1,1
8041,0.0013328994652751927,0,0
5067,0.2186204882286383,0,0
8953,0.3570732979839201,0,0
9397,0.9844130812030928,1,1
868,0.9880643690569597,1,1
7358,0.0990326596441943,0,1
7789,0.9875712154766811,1,1
8874,0.056970337921235216,0,0
906,0.9701389330179191,1,1
676,0.7616924601260778,1,1
172,0.9993342874589397,1,1
987,0.8893170391197119,1,0
1234,0.008437463006071597,0,0
215,0.9999706386085614,1,1
2029,0.7792483525619802,1,0
4298,0.9666088187459243,1,1
629,0.32974237452705796,0,0
3527,0.9625641318323588,1,1
8880,0.004877743755979908,0,0
2552,0.7912707325802427,1,1
1464,0.9949557733041119,1,0
2580,0.9958090051046689,1,1
6151,0.9884385792850088,1,1
3443,0.9977106209829182,1,1
9783,0.0015263223867869593,0,0
1594,0.8573625508992727,1,1
1687,0.10798920037381406,0,1
3637,0.9899991891714738,1,1
1356,0.8978939935514795,1,1
9462,0.7520016836665382,1,1
30,0.0904014604382188,0,0
456,0.9899076391319656,1,1
9805,0.750188026868135,1,1
5126,0.9699042560738766,1,1
4892,0.9726421954513168,1,1
4539,0.34795913406890294,0,0
841,0.9875660798573851,1,1
1915,0.00036835746813460095,0,0
2327,0.9991455641848416,1,1
3269,0.9946396651725463,1,1
4360,0.16951430735976655,0,0
5242,0.9798535894103558,1,1
9478,0.00757636245585585,0,0
3498,0.9848135203876399,1,1
3179,0.771568840859843,1,1
1523,0.0012434927518769076,0,0
9603,0.00020278119043795728,0,0
2268,0.9987609340508845,1,1
8221,0.9116023728906332,1,1
6706,0.00037697660532928475,0,0
883,0.744241774632682,1,1
437,0.9991845099522042,1,1
4977,0.27146718520206453,0,0
3697,0.0012897805220735438,0,0
1008,0.008750513961682627,0,0
6963,0.9997827215414233,1,1
8188,0.058989695756758005,0,0
3452,0.9129246945498892,1,1
3371,0.842936810242351,1,0
939,0.9966926553306442,1,1
5091,0.9980555214906578,1,1
5354,0.9747951821709909,1,1
7822,0.9986396161381027,1,1
9816,0.9817373585305736,1,1
5642,0.9847347560753307,1,1
5188,0.009489081684237035,0,0
4776,0.9913698982863083,1,1
6318,0.9907833785748397,1,1
7678,0.001237123593089908,0,0
1969,0.9572119794342799,1,0
2795,0.9992957799382034,1,1
5890,0.953866315295273,1,1
4404,0.9425466680195231,1,1
497,0.8789372759167451,1,0
9438,0.6879605936715733,1,1
2789,0.9974854878134791,1,1
1558,0.06470180428526219,0,1
9086,0.011666064106738849,0,0
871,0.9905187926708369,1,1
4637,0.0024510135354599972,0,0
7292,0.4215055381139418,0,1
599,0.9741470302453579,1,1
4996,0.0052626046984536,0,0
5626,0.8442611580274628,1,1
9404,0.00040474596302451417,0,0
9273,0.7063856787948528,1,1
8997,0.2491175918962366,0,1
2407,0.8659502301865035,1,0
4252,0.8776162267145365,1,1
3381,0.9951002351810084,1,1
3173,0.9461735588425277,1,1
3983,0.9466717713077475,1,1
283,0.9978206061409572,1,1
649,0.9127335215188579,1,1
5492,0.9771139471577827,1,1
4888,0.010663779325518617,0,0
9634,0.00018566008927398437,0,0
7417,0.9978199333379728,1,1
3742,0.1067917540153901,0,0
9812,0.9057401421250515,1,1
1309,0.9742032761177798,1,1
7753,0.2896060119954159,0,0
7396,0.32075212338675896,0,0
9385,0.8581023333568885,1,1
4384,0.06689174222304728,0,0
7456,0.8762953995041888,1,0
9125,0.9976321564436532,1,1
5510,0.849754782170922,1,1
5975,0.9856301122357924,1,1
4541,0.07217281546766664,0,1
214,0.9998510177819316,1,1
9188,0.03587966435911389,0,0
3052,0.031308818179017574,0,0
335,0.9699465693076359,1,1
8384,0.9965783644536944,1,1
2422,0.9903271122347943,1,1
767,0.8784632526803511,1,1
3358,0.00044323083714229274,0,0
8443,0.00016966484086990187,0,0
4085,0.9467995696949617,1,1
9751,0.2990970451818002,0,0
7741,0.9897623062112294,1,1
7551,0.8787586002723957,1,1
8235,0.11923994166210675,0,0
7891,0.9952053906470335,1,1
6406,0.00028765452767919497,0,0
3588,0.9640417833801262,1,1
1870,0.6405640948212139,1,0
2293,0.9915994042720254,1,1
9097,0.011666064106738849,0,0
8090,0.984937956352194,1,1
8145,0.9525576326619728,1,1
4969,0.7510460625951065,1,0
66,0.0011422432423295473,0,0
314,0.5942458414212933,1,1
655,0.995443144384203,1,1
8948,0.99950563125152,1,1
9029,0.0019506874270930274,0,0
1283,0.9998188630295439,1,1
2633,0.7849584568266681,1,0
5053,0.4545420436353733,0,1
4402,0.9876080225163092,1,1
613,0.9607187422285629,1,0
4335,0.6925638667400286,1,1
8387,0.7718458423645095,1,0
9629,0.9974839178464086,1,1
6824,0.9887195074451004,1,1
695,0.0003409400249560398,0,0
8512,0.6371734536844839,1,1
8577,0.3302715692650796,0,1
5539,0.9562027053394403,1,1
1178,0.9993102898152002,1,1
1883,0.7363049770695009,1,0
7027,0.8987075652326092,1,0
2684,0.4602235862969669,0,1
8694,0.025960652356932932,0,0
1630,0.7142541982532287,1,0
7190,0.9760071571715585,1,1
8734,0.9885067917943993,1,1
9709,0.8951119796219145,1,1
9398,0.6222513804371688,1,1
4321,0.9757294270742723,1,1
5787,0.9978517480377818,1,1
9941,0.8917581891955962,1,1
566,0.9279070133997707,1,1
6887,0.003351017782070733,0,0
1490,0.9999546698118198,1,1
4706,0.00036773677803724267,0,0
2990,0.847521316185046,1,1
9089,0.011666064106738849,0,0
884,0.014469394255444417,0,0
9673,0.9245854992739831,1,1
1385,0.3455841627625786,0,1
7453,0.005181083679593876,0,0
3191,0.7726129556178012,1,0
8385,0.004504802867558135,0,0
3632,0.9932914549311782,1,1
2496,0.3848767542487375,0,0
6989,0.9711513714560606,1,1
454,0.9970959650308767,1,1
550,0.975569020202274,1,1
8618,0.0007878306551319607,0,0
6315,0.8451653652395095,1,1
7228,0.9267617395458568,1,1
6009,0.9961530670077228,1,1
46,0.9998275038882535,1,1
8505,0.9111693575022721,1,0
1344,0.5925714281353212,1,0
3163,0.16859575712414956,0,1
2995,0.0003015559196156053,0,0
9903,0.0003618926691809024,0,0
2186,0.3875416049135581,0,0
9607,0.0035456428584707184,0,0
4475,0.8935063995933231,1,1
9495,0.44100093711710225,0,1
7399,0.9602338032579838,1,1
7502,0.0473850225837502,0,0
3453,0.9512934839483117,1,1
6440,0.9704928991274199,1,1
4185,0.9787598965955194,1,1
4650,0.36953914870275967,0,0
4647,0.9817827452280858,1,1
8176,0.002170779453508371,0,0
26,0.9984830761692945,1,1
8771,0.48658341015295103,0,1
2603,0.012506012258574537,0,0
3279,0.9843907486799833,1,1
782,0.36516173583460776,0,0
8189,0.00856282890641134,0,0
3045,0.0005936857628411418,0,0
6319,0.029770518115946002,0,0
7080,0.9721767193246311,1,1
7516,0.8294929958192154,1,0
4164,0.9986879291613497,1,1
2644,0.8505925078277434,1,1
7212,0.9881263891639189,1,1
9492,0.41667226927130274,0,0
625,0.02436966024689972,0,0
2700,0.6773302870993121,1,1
1341,0.8743403700518262,1,0
7427,0.9906783634874768,1,1
7130,0.9721966079744041,1,1
2199,0.909223375033265,1,1
52,0.9939023576501747,1,1
6499,0.9551409579717216,1,1
8230,0.9863501983849174,1,1
3635,0.7230413252710247,1,1
2258,0.9992765793791021,1,1
1897,0.9927641153346596,1,1
4803,0.9860463730034912,1,1
9729,0.7769842582686676,1,1
964,0.9761991352724998,1,1
6056,0.004278621458471939,0,0
3707,0.9897387163666095,1,1
1326,0.9844776948269324,1,1
9528,0.4636013323735552,0,0
7717,0.9973971204102269,1,1
5461,0.3745061143724353,0,1
795,0.9774773301459949,1,1
5535,0.9929313843290213,1,1
9014,0.9946003811678703,1,1
5908,0.18114549309005926,0,0
2150,0.00025378472082381823,0,0
7495,0.2711405354228526,0,1
2992,0.7389212020009107,1,1
3339,0.003266732623436372,0,0
7389,0.991273250299082,1,1
4021,0.899900177518242,1,1
7802,0.00603054321924382,0,0
2635,0.33411426505302694,0,0
4262,0.9124842843087846,1,1
8794,0.00946805880414489,0,0
2382,0.9708083862427764,1,1
4742,0.0012339431538112302,0,0
8459,0.11175288149964074,0,0
1911,0.5015635621249276,1,1
4644,0.8049073924604453,1,1
5231,0.005145471800676938,0,0
9128,0.5931743158757719,1,1
8677,0.8704730139233358,1,1
4745,0.23531697684572997,0,0
8234,0.012369760791397802,0,0
4243,0.9687804757010742,1,1
3729,0.9614888400423227,1,1
5829,0.9725897474460944,1,1
2107,0.9907157047289851,1,1
3870,0.9982640888107027,1,1
8109,0.9492965832497507,1,1
9323,0.0021075286639242866,0,0
3180,0.012174853595513957,0,0
6993,0.9977823331423477,1,1
9408,0.9460582910976608,1,1
5112,0.5320441577104913,1,0
7410,0.0039793122539348484,0,0
6527,0.9835709142548149,1,1
1316,0.0007886653800953158,0,0
7772,0.9866138381793981,1,1
8010,4.927170284305243e-05,0,0
3067,0.9981686741705263,1,1
1937,0.8528588917944516,1,0
8642,0.9936219994467771,1,1
9084,0.9989617458187076,1,1
3925,0.9719944985399037,1,1
7737,0.9993548676714922,1,1
4746,0.6588437337987395,1,0
5925,0.9980328652022794,1,1
9366,0.07609197546904213,0,0
317,0.28321861488260053,0,0
6559,3.85334387428595e-05,0,0
9647,0.9993722107160694,1,1
5556,0.6430586114049454,1,0
864,0.997533962705629,1,1
5566,0.9852411155183529,1,1
1485,0.9992134807911793,1,1
2575,0.9991365096414808,1,1
1527,0.9225477756732225,1,1
4311,0.25751418811203364,0,1
5204,0.18235116728132467,0,0
4529,0.9599103971556384,1,1
9744,0.995164425640054,1,1
8306,0.9868676951941753,1,1
1615,0.9437314864836859,1,1
6832,0.11923765142501286,0,0
6784,0.17341100121796302,0,0
8441,0.00018873157780879254,0,0
4124,0.8430876595162595,1,1
8755,0.9235257988463003,1,1
3733,0.13097661821283285,0,1
540,0.9985267346310205,1,1
7517,0.9444631804012507,1,1
4433,0.9501050929088924,1,1
5255,0.9934524695002511,1,1
3497,0.9881691247738564,1,1
3273,0.8376747731434848,1,1
101,0.999503915880385,1,1
262,0.9998561334174603,1,1
815,0.9916558249565168,1,1
5917,0.9552591060495768,1,1
8584,0.9990158826435347,1,1
5647,0.006221241219662019,0,0
64,0.9995116251779336,1,1
5887,0.46801594236265975,0,0
4535,0.9990380618720159,1,1
6181,0.1610876943766499,0,1
4890,0.9991538308092911,1,1
9297,0.7219832527863039,1,1
9868,0.9975339378720232,1,1
5627,0.9633360063238011,1,1
9733,0.9993666234438208,1,1
4212,0.9935689657335361,1,1
9326,0.9980292363358969,1,1
1093,0.4889717242616798,0,0
6473,0.9995375380016283,1,1
5341,0.9645182696034674,1,1
8338,0.004858628124220463,0,0
8250,0.9964802447686257,1,1
890,0.9663192196348318,1,1
9270,0.041934500527347915,0,0
3590,0.7634944577392196,1,1
5014,0.7731198521061244,1,0
4421,0.024077115925745456,0,0
5748,0.9831960984210266,1,1
2967,0.17855420438920006,0,1
5752,0.9567226501413505,1,1
7726,0.9933900316270953,1,1
2770,0.9962448960328804,1,1
9416,0.0002867632570541401,0,0
1493,0.999511564745583,1,1
1706,0.0003032303425491119,0,0
9024,0.9982203818468489,1,1
9242,0.0014428509198472126,0,0
6090,0.9991712513921347,1,1
560,0.9670202901104156,1,1
5795,0.9777464167432683,1,1
8650,0.020068092340588227,0,0
3762,0.03893513757191851,0,0
6036,0.9181342157385786,1,1
3829,0.13076711601958235,0,0
2495,0.9932944812430827,1,1
3329,0.004465063507514591,0,1
5168,0.881527447982048,1,1
6385,0.004173629259464871,0,0
3728,0.9967309891547955,1,1
5244,0.9978449955314054,1,1
5565,0.5259629270073573,1,1
808,0.8475062009512689,1,1
9471,0.00503452530786237,0,0
2153,0.9742813032644817,1,1
6046,0.000554839655495908,0,0
547,0.28343621343719766,0,0
3004,0.00025237359691893574,0,0
7464,0.0024546678298912523,0,0
7251,0.880575905324999,1,1
8333,0.7371904859278624,1,1
8163,0.0004580296271997855,0,0
2731,0.9999222758214137,1,1
6595,0.9511469355040342,1,1
3719,0.9756679824971288,1,0
6837,0.9894601819390291,1,1
9418,0.9879165019920347,1,1
5033,0.4940497868274224,0,1
7806,0.9470921196076278,1,1
651,0.5073626286548762,1,1
5404,0.9156337413915313,1,0
6084,0.9955084055293267,1,1
7834,0.99634352121138,1,1
5078,0.8822048694683609,1,0
3342,0.11045750250987262,0,0
4534,0.0066620249769397165,0,0
9223,0.00021067122236591954,0,0
9734,0.9652001125586571,1,1
2997,0.0002996357075822325,0,0
1473,0.9999730463736927,1,1
1136,0.16734451767464606,0,1
1813,0.8522460706685813,1,1
4835,0.9708112713481654,1,1
4036,0.9814738593419111,1,1
3284,0.0037298154441228588,0,0
713,0.027705749437279867,0,0
6393,0.08667039207633873,0,0
3069,0.9985149544658408,1,1
6123,0.8486495377830972,1,1
7108,0.9209917115331835,1,0
9611,0.8984159565680571,1,1
6763,0.9931972799867994,1,1
8128,0.8329105523430868,1,1
597,0.9916722414299964,1,1
839,0.998908671832244,1,1
9524,0.8175866517023219,1,0
279,0.9999150130237641,1,1
3533,0.940078713741447,1,1
9598,0.17817702306776784,0,0
4157,0.5982299346572526,1,1
8630,0.00044667748378469094,0,0
7216,0.2302897256149161,0,1
9479,0.6227241962139946,1,0
2713,0.9998246903056754,1,1
4341,0.053940194906896576,0,0
6264,0.009577912727070525,0,0
3398,0.990310419513668,1,1
5387,0.003813764309108116,0,0
3366,0.0016388974824281908,0,1
8945,0.9902796585851886,1,1
9965,0.5592702447820869,1,1
4871,0.9648839628964777,1,1
9750,0.9991752563061459,1,1
5714,0.6358810357468526,1,1
2999,0.9771865847848135,1,1
2551,0.1649825377367766,0,0
7759,0.982306755288415,1,1
9354,0.8266577004359678,1,0
6152,0.9959859878765425,1,1
8240,0.4890941498678625,0,0
5152,0.9024375270516377,1,1
6306,0.9507420900886357,1,1
5396,0.7216978962708601,1,1
697,0.08627192499864032,0,0
6860,0.0017104342909507063,0,0
1773,0.0007828976522553907,0,0
5629,0.9161615583296603,1,1
7030,0.9938997193465398,1,1
8498,0.6021333687931762,1,0
3815,0.9994541605805534,1,1
9253,0.7827419028371788,1,1
1277,0.9995588734330456,1,1
8363,0.974773470619064,1,1
5207,0.0019700662490902176,0,0
57,0.9997078499806146,1,1
1274,0.8318040847494682,1,1
3794,0.9813370386049219,1,1
7887,0.6776636643929578,1,1
5585,0.7220674215455278,1,0
4046,0.6475632160808317,1,0
2659,0.003528619767231405,0,0
5645,0.9962433772407823,1,1
1741,0.18588415902792685,0,0
9008,0.9990956257928468,1,1
3773,0.9833535305974073,1,1
9149,0.9979410489481285,1,1
5317,0.9703151044337007,1,1
8883,0.9870764628086182,1,1
7943,0.9607950834859361,1,0
4704,0.8436277191431175,1,0
4926,0.002320663342795148,0,0
6361,0.02100524809319152,0,0
8511,0.8194687614728455,1,1
7009,0.0745415272125794,0,0
7138,0.7525129022547519,1,1
4516,0.5722978620727662,1,1
3183,0.8432829655104633,1,1
2462,0.998443313746524,1,1
1110,0.9924549056761911,1,1
3086,0.9962060264466951,1,1
4944,0.0006626824648029786,0,0
82,0.9995418824024557,1,1
9703,0.9929648318173977,1,1
4053,0.9552279410389191,1,1
7700,0.15514358517275964,0,0
6133,0.9704026308267676,1,1
6572,0.9991180798870591,1,1
1864,0.5135527474385314,1,1
5667,0.997400507387962,1,1
7935,0.6139538510313169,1,1
7602,0.9735371438426214,1,1
7357,0.9008125446731564,1,1
9983,0.5128291116930919,1,1
3706,0.8395863258454329,1,0
2688,0.8621284657220841,1,1
7058,0.8221848259436039,1,1
8242,0.8269641811889629,1,1
9437,0.017614569891631113,0,0
5935,0.999606785407991,1,1
324,0.49431765794419974,0,1
3833,0.9368466195269692,1,1
232,0.999300478390395,1,1
8399,0.5134947236916704,1,0
9648,0.689688449291507,1,0
5789,0.9827431883810952,1,1
4787,0.6439759329832676,1,0
9383,0.3430459727512374,0,1
8664,0.9420996639083976,1,1
3518,0.18863109852463963,0,0
7273,0.6924365970404314,1,1
9991,0.8848181663717374,1,1
4115,0.69270004016837,1,1
2504,0.9975470309837561,1,1
5600,0.0005934673762839975,0,0
5001,0.15576049499615846,0,0
9340,0.17657897926834493,0,0
1386,0.8885206559798524,1,1
822,0.5970820513215895,1,0
7510,0.30163554779121604,0,1
6991,0.6271259554518188,1,0
6051,0.9909306306769557,1,1
9923,0.09073917685207368,0,0
6129,0.9673357892708133,1,1
5685,0.9956394241873867,1,1
4809,0.5951940045597272,1,0
1428,0.9996503688701497,1,1
7067,0.9990551988044419,1,1
6922,0.9988738847007664,1,1
7654,0.2653953564833435,0,0
9714,0.00046257054970417,0,0
4319,0.0005532713038094679,0,0
8980,0.06776776303643883,0,0
3162,0.006536826093490865,0,0
8397,0.9500104166857277,1,1
3023,0.9939167550631626,1,1
8861,0.07203510299287373,0,0
1920,0.8810179325678833,1,1
9953,0.939436569070488,1,1
1320,0.09341864109720652,0,1
4297,0.21960956204414767,0,0
9952,0.946342302485315,1,0
1501,0.8089759668586927,1,1
9667,0.0013961954445609337,0,0
3206,0.1910816791392256,0,1
3031,0.037611100076559226,0,0
8055,0.979913237731105,1,1
5197,0.9917734073174264,1,1
4730,0.07943084656243998,0,0
7469,0.2450271500998675,0,1
5728,0.13809492221564834,0,1
5420,0.004534484388836776,0,0
227,0.999277081822931,1,1
1963,0.8482170819261587,1,1
9368,0.9487773138183261,1,1
7539,0.9864350352882831,1,1
1398,0.47303276275471423,0,1
7769,0.8899025329814733,1,1
3403,0.9722743820440125,1,1
280,0.9347590852936781,1,1
4152,0.9781818227928621,1,1
3065,0.8998947820425475,1,1
1563,0.9135658032704224,1,1
8481,0.19399784741252557,0,0
5085,0.9953999059354374,1,1
9015,0.9995860198874076,1,1
2170,0.8961064102992069,1,1
5252,0.0016405473980650772,0,0
2960,0.996563508281884,1,1
653,0.5390218624239375,1,1
6097,0.9918508724869309,1,1
8312,0.9873562315464581,1,1
9172,0.5280599167518986,1,1
4642,0.4629724727230789,0,0
960,0.29904417568347136,0,0
6678,0.9782799639483232,1,1
2618,0.9828606311243274,1,1
7056,0.6126506269669759,1,0
3562,0.4403887844037771,0,1
7959,0.9984412443247437,1,1
6064,0.9994337399550934,1,1
5660,0.8843547335114528,1,1
2772,0.9822203783584402,1,0
7553,0.4320302795517035,0,0
5026,0.9698720818254353,1,1
6519,0.43110051537255506,0,1
2697,0.060078609621063844,0,1
4589,0.9689792568283906,1,1
9447,0.028745768766735444,0,0
4094,0.9911584485691333,1,0
6254,0.974822149637202,1,1
2215,0.9973472034236336,1,1
5525,0.9768596729660779,1,1
4479,0.9329713061871691,1,0
1061,0.0025289610868391194,0,0
722,0.9977111360641892,1,1
8476,0.4220118300234568,0,0
2723,0.9996214297346667,1,1
8005,0.9986583425155021,1,1
8056,0.4674307598529739,0,0
9216,0.7856294694227953,1,1
1834,0.9721824015673646,1,1
4738,0.8512290037012981,1,0
9491,0.9587138058838242,1,1
5849,0.9637969558814568,1,1
6462,0.8499892014324053,1,0
4981,0.9877235126403449,1,1
3958,0.9659427354532066,1,1
3984,0.9678188679453849,1,1
751,0.4196814853620995,0,0
6752,0.9625314220727521,1,1
8589,0.07163515926186756,0,0
4700,0.00439744013855245,0,0
6156,0.9616330140229783,1,1
4645,0.13733969387000336,0,0
816,0.9983212419502978,1,1
9068,0.997644088247911,1,1
2928,0.0280178116751923,0,0
848,0.8574692648376577,1,1
7054,0.9855092941874913,1,1
8180,0.19316706411578954,0,1
9982,0.15523284162960263,0,1
780,0.21581915173217714,0,0
2937,0.003346047419306491,0,0
7895,0.9873531027464927,1,1
4512,0.534097289947473,1,0
1498,0.9998738205151516,1,1
8954,0.35652999130203483,0,1
5128,0.014728091603398597,0,0
4429,0.633642801204425,1,0
7064,0.856296345162966,1,0
5957,0.7157890154709646,1,1
392,0.02215275059661552,0,0
5086,0.9278453336302569,1,1
7475,0.9974024926688873,1,1
6034,0.9996578212911303,1,1
6654,0.9930391853278433,1,1
725,0.8272924838245509,1,1
7274,0.9477049639415174,1,1
4222,0.6470950265307656,1,1
7752,0.8785959885156555,1,1
2442,0.0071757053896125515,0,0
4178,0.9691611836770608,1,1
5326,0.017284399908555823,0,0
2430,0.16220338623618671,0,0
5648,0.9995430305718718,1,1
1682,0.9940014421187795,1,1
9379,0.060308161750016444,0,0
3325,0.0019040550505042702,0,0
1328,0.965864145805855,1,1
859,0.9992923547904514,1,1
6977,0.999259711784893,1,1
5376,0.0034887846858871383,0,0
3783,0.9686982222196112,1,1
5940,0.8549583537720366,1,0
3446,0.8292364455477143,1,1
6377,0.7858422383006801,1,0
34,0.99960784605495,1,1
806,0.9510302005111025,1,1
3510,0.9372243301445263,1,0
2044,0.002251895882367117,0,0
2523,0.9220862876374912,1,1
2725,0.999872697353897,1,1
5132,0.6506129022748077,1,1
7458,0.003058145703164827,0,0
419,0.9957372731252749,1,1
658,0.9843048994101059,1,1
9866,0.0022354467736718695,0,0
2961,0.7056044903761939,1,1
9500,0.006093559119310556,0,0
6641,0.39892875047119225,0,0
8719,0.9821023335928407,1,1
3436,0.14832256828182333,0,0
6927,0.987112873904691,1,1
968,0.32981347605393824,0,1
3948,0.9030037823088517,1,1
3985,0.3169556988087179,0,1
622,0.0027079140860652605,0,0
3780,0.9991319900469287,1,1
1513,0.0019479685088461317,0,0
8282,0.5332692454617415,1,1
3345,0.01941033747036979,0,0
1393,0.002968632535882776,0,0
8076,0.30251810140366076,0,1
5225,0.9925910744126301,1,1
4452,0.006887084283946221,0,0
6551,0.6488527729434701,1,1
5682,0.9879677523987316,1,1
9806,0.943499322725249,1,1
5583,0.993447908881394,1,1
9624,0.00031538750211502337,0,0
2149,0.005791033205992803,0,0
589,0.995104167435609,1,1
3595,0.025129457504042968,0,0
1262,0.9944182314218566,1,1
2748,0.00014965759588825783,0,0
8158,0.374675343520413,0,1
7033,0.9907243078458932,1,1
7656,0.788247115489783,1,1
4513,0.0002520424189666556,0,0
4299,0.9628599823696044,1,1
4210,0.8200373054568088,1,1
3009,0.9989717656111063,1,1
9121,0.9977546398495449,1,1
2686,0.9103512042649694,1,1
5568,0.7899251612358427,1,1
8812,0.041960326472763806,0,0
5307,0.0011559309777781556,0,0
9313,0.7739687481898189,1,0
9908,0.9240162533322213,1,0
374,0.9717846634969607,1,1
7841,0.018834386118762234,0,0
7330,0.688274825876682,1,1
9800,0.0051884974920719945,0,0
1311,0.9409835550850857,1,1
5936,0.9769750629948966,1,1
774,0.4108594042555651,0,0
984,0.9901294852933863,1,1
3904,0.9895313664192756,1,1
5411,0.40974264426419016,0,0
6818,0.6630615152824189,1,1
9695,0.9991522294306977,1,1
9753,0.6693793609433244,1,1
5855,0.8678796528725603,1,1
4362,0.6073582130105508,1,0
8212,0.696108235377338,1,0
2729,0.9987473303583883,1,1
2615,0.9843807425592347,1,1
3494,0.9918903464303747,1,1
8400,0.0010958605379345436,0,0
7193,0.10084161807530337,0,0
5110,7.028589785651741e-05,0,0
7195,0.010843344155613015,0,0
4100,0.7755893926162357,1,1
8366,0.9861467933302481,1,1
1791,0.8467110055913981,1,1
247,0.9994143766289645,1,1
9236,0.00014700756291664686,0,0
8673,0.9620156265170807,1,1
6514,0.8801926348096096,1,1
8870,0.9978452305474736,1,1
3226,0.001007270766745344,0,0
7826,0.132046213192198,0,0
268,0.9992989482331537,1,1
196,0.9999344201186091,1,1
9012,0.9979321062943567,1,1
5727,0.901750768025137,1,1
6705,0.46760679785509934,0,0
4051,0.5914649319342684,1,1
7893,0.004803500647589853,0,0
7124,0.9794226090037212,1,1
814,0.18715759565800041,0,0
128,0.9998901120560343,1,1
1811,0.9142191792683511,1,1
9210,0.0036960820196231085,0,0
4563,0.9812968956767428,1,1
8251,0.48283759453645947,0,0
231,0.6328611262961118,1,1
2260,0.9996807013078763,1,1
3310,0.6694844884657632,1,0
1940,0.8929648725223767,1,1
2196,0.7645081701079772,1,0
3169,0.8542231200561117,1,0
174,0.999834862580618,1,1
5671,0.8859578298749214,1,1
6222,0.19454284527185844,0,0
5693,0.9674473101997484,1,1
8126,0.002301038420259683,0,0
6452,0.4712000520519616,0,0
4120,0.9836420020695299,1,1
1593,0.9476380320112863,1,1
3581,0.9821547339691531,1,1
3536,0.9202479326137862,1,0
4899,0.9745462886072084,1,1
7506,0.008429569948672213,0,0
9394,0.5028907586466019,1,0
6413,0.9219549880968013,1,1
9504,0.9640068963150342,1,0
4343,0.0010921710807612315,0,0
9077,0.9938317590609369,1,1
219,0.9982621126456089,1,1
5081,0.9940768947761354,1,1
6681,0.9987630914176889,1,1
7981,0.9799501362566994,1,1
3842,0.987641021989215,1,1
6330,0.9748028295775483,1,1
311,0.06312848991076564,0,0
1522,0.0005356137756528457,0,0
8380,0.030772077217565905,0,0
9821,0.9801848362576204,1,1
9085,0.011666064106738849,0,0
3752,0.9734084503900433,1,1
8433,0.0022265291305716287,0,0
9235,0.017192240741501837,0,0
8138,0.013643426298887026,0,0
2110,0.9529990651910102,1,1
5221,0.8684489076472878,1,1
6236,0.27147226213389697,0,0
5700,5.212880805462812e-05,0,0
8139,0.000851805201562996,0,0
8079,0.10923577574020531,0,0
7627,0.9969283899070044,1,1
7188,0.5674831268055265,1,0
6802,0.9962370597581315,1,1
8594,0.9919572011570008,1,1
7986,0.997719687818284,1,1
4459,0.8495372686196746,1,1
4323,0.9833827237423917,1,1
7103,0.904855712712861,1,0
6339,0.39626297805603783,0,0
5058,0.7815843291689785,1,1
3304,0.21021148614251195,0,0
1500,0.9723598153291958,1,1
5524,0.9645617280207106,1,1
1601,0.9837154242533274,1,1
7235,0.18897162636404577,0,0
3723,0.34768611305683345,0,1
3839,0.9777275191909373,1,1
4641,0.640342021468751,1,0
9972,0.9763014028226159,1,1
9271,0.9086420626638831,1,0
7329,0.9853944457405124,1,1
5860,0.0011738862409829947,0,0
3976,0.9939579159379437,1,1
7739,0.9998868143594096,1,1
3072,0.022638736972295008,0,0
6204,0.941567611020683,1,0
6001,0.9710103455368827,1,1
9769,0.9793481729373382,1,1
5511,0.7905537417899866,1,1
7761,0.31214874169734486,0,0
5924,0.9930895972186885,1,0
1005,0.45345193336594547,0,0
309,0.3617350580794939,0,1
9169,0.9969210370786836,1,1
4304,0.9052839703804337,1,1
4450,0.0008616077139041268,0,0
3714,0.9996490573904345,1,1
1495,0.9996084774815811,1,1
6447,0.8020796435286142,1,1
1662,0.9978991847510179,1,1
6074,0.9918389080656734,1,1
821,0.0710403449743035,0,0
7735,0.6819543235477183,1,1
9352,0.8501115456576469,1,0
474,0.9982922109081174,1,1
3824,0.34620708116920457,0,1
2966,0.0010345973511286621,0,0
9596,0.0011429897725013063,0,0
5674,0.7682413904765424,1,0
3968,0.9776728130394916,1,1
1678,0.8231061866176451,1,1
5702,0.9972360570864476,1,1
4613,0.9702568317922265,1,1
3189,0.5791050245873312,1,0
5843,0.9517082467182403,1,1
2746,0.010298238607565863,0,0
3370,0.08047965968036877,0,0
9233,0.0003449135174839309,0,0
3157,0.00017299449139611658,0,0
9316,0.9464368378653862,1,1
5598,0.022661902006528366,0,0
6792,0.0029328995273772353,0,0
8747,0.9885484313754043,1,1
3155,0.8642142966219791,1,0
993,0.893996743170577,1,1
1307,0.9110471786588631,1,1
8298,0.004692168585661267,0,0
3181,0.1362174668426262,0,0
7693,0.8795883440047624,1,1
7635,0.2122443463086636,0,0
6621,0.9717566394223367,1,1
5880,0.007908425676835747,0,0
9191,0.4300604963158525,0,0
6470,0.9988077845121757,1,1
7217,0.991925361675644,1,1
5852,0.98861280911976,1,1
3964,0.9987315258759815,1,1
6580,0.9799483469235164,1,1
4933,0.5342336609569004,1,1
7068,0.95508924245219,1,1
9139,0.9598444931759812,1,1
8644,0.10170952144849174,0,0
3643,0.5223387689004344,1,1
6938,0.9994635430342905,1,1
3831,0.3535492098433539,0,1
8285,0.7209658443774911,1,1
347,0.9959733721476588,1,1
9900,0.9760801145609782,1,1
2336,0.001377480988850527,0,0
5545,0.9874762681306887,1,1
6283,0.9581774878195745,1,1
4201,0.5453051589131858,1,0
6249,0.6868094030977905,1,1
5898,0.9986406604557996,1,1
1655,0.7758808903382799,1,1
9861,0.48497660550429217,0,0
6469,0.9709023532618506,1,1
930,0.9020550386419111,1,1
5224,0.9911535443245496,1,1
8222,0.9673704668177245,1,1
6632,0.10960187850545078,0,0
682,0.008052742110478097,0,0
155,0.9998948956275845,1,1
4754,0.9977081557032891,1,1
6899,0.000817074802102621,0,0
2050,0.8225213258550614,1,1
5088,0.9276807310031651,1,0
913,0.9788879981738394,1,1
4411,0.7122854282369352,1,1
7062,0.00019548830822735494,0,0
7971,0.6411510569428707,1,0
3835,0.9975071512305634,1,1
4092,0.9509196714058771,1,0
264,0.999591109686749,1,1
137,0.0066332151465523575,0,0
9537,0.13286677449520715,0,0
9545,0.6999911249290712,1,1
1159,0.00027417297001295385,0,0
4337,0.08500328562725543,0,0
5571,0.9919021183985602,1,1
7314,0.801873218503297,1,1
1212,0.7976313400326945,1,1
6014,0.9963252727764579,1,1
8782,0.00946805880414489,0,0
7899,0.9936278199202978,1,1
6898,0.9003513398649527,1,0
3138,0.005371318823438376,0,0
5863,0.9944788606297851,1,1
8732,0.0026284334593869338,0,0
6986,0.9999265979647056,1,1
6513,0.5611842732389104,1,1
7331,0.7064080072635267,1,0
797,0.9507390737949744,1,1
5593,0.7322819950809396,1,0
8127,0.1541077138123632,0,0
4775,0.9851260899848268,1,1
2801,0.9281088807782205,1,0
6843,0.9537520315145134,1,1
6015,0.9984613718519797,1,1
3114,0.000859809365245875,0,0
804,0.025003846770338074,0,0
9163,0.9863560027849485,1,1
4758,0.0016158021258089591,0,0
1844,0.9986640537691991,1,1
1903,0.14816464851380098,0,0
735,0.9727168584859555,1,0
8197,0.018248286621387944,0,0
1948,0.012775290773605006,0,0
8516,0.7914687507578292,1,1
1413,0.999784897151982,1,1
6995,0.9980251893269458,1,1
749,0.8652527336880718,1,1
7522,0.8907523989032674,1,1
5799,0.7994293110625842,1,1
5694,0.9889191814272483,1,1
2187,0.9606927052969846,1,1
5130,0.9626138606416258,1,1
6149,0.9504524028835636,1,1
7508,0.0010418324827195446,0,0
1436,0.9974013956456576,1,1
3571,0.9212208232868067,1,1
4839,0.8899264309505464,1,1
6964,0.9956502114879968,1,1
3891,0.8637218820229555,1,1
301,0.7869585691978875,1,1
6113,0.9971453168367932,1,1
2245,0.9924141628145989,1,1
6340,0.5055927188578945,1,1
2970,0.5501876745227562,1,1
7313,0.6568866990250752,1,1
2821,0.7983413253739616,1,1
3943,0.4221874914317899,0,1
7444,0.9598873458582634,1,1
2927,0.013526397042109924,0,0
8024,0.4479086817903725,0,1
5751,0.9713341193723461,1,1
7,0.2602342011082486,0,1
6930,0.9945898770169314,1,1
9160,0.929021421664952,1,1
5830,0.8016573493237787,1,1
1101,0.9906615897094699,1,1
8020,0.6880244441033935,1,0
6429,0.032320816762298456,0,0
9346,0.0003325316432413793,0,0
5677,0.9998756133764052,1,1
1698,0.985368223481785,1,1
1213,0.8490891292733463,1,0
1126,0.8010765432515241,1,1
8744,0.8738195477859718,1,1
8191,0.1640956623762187,0,0
5815,0.9958817094661784,1,1
2349,0.930985965662148,1,1
2958,0.005379760979149591,0,0
4064,0.9743451610741832,1,1
4369,0.9961769935216407,1,1
2520,0.2912756094693868,0,0
6234,0.3571367601518287,0,0
9976,0.5410381023869854,1,1
1991,0.02316378602495752,0,0
3375,0.9740672003768859,1,1
4783,0.0015331280709131084,0,0
6047,0.9903506145177686,1,0
9403,0.11235938400935387,0,0
5981,0.9984506483199456,1,1
4834,0.15503764874150724,0,1
5552,0.24658767074564358,0,0
9841,0.0032221711211868143,0,1
7211,0.9882901496750601,1,1
5770,0.9926571334848998,1,1
3427,0.9988490539041515,1,1
9851,0.9909609567829823,1,1
9912,0.9804904347226943,1,1
6874,0.654627544774676,1,1
3914,0.6212241068952271,1,1
2501,0.00014849697290908047,0,0
4221,0.47923121937920643,0,1
2459,0.9294507984617985,1,1
5505,0.9411847888842488,1,1
5916,0.9535069226494525,1,1
5979,0.9936991222949113,1,1
9414,0.9830990711448048,1,1
690,0.8793622395695773,1,1
7963,0.9531504885512387,1,1
3834,0.9710569231731934,1,1
9059,0.7946145713043402,1,1
5074,0.3345135845813306,0,0
7459,0.9301236895591768,1,1
1855,0.9545224249214966,1,1
5023,0.9937193219362839,1,1
6691,0.014536050646326636,0,0
1820,0.9982548813205987,1,1
7075,0.9986683992939478,1,1
8339,0.9767668263176943,1,1
4233,0.8293983397332163,1,1
4717,0.9481199461949972,1,1
9887,0.03730619403104524,0,0
6555,0.782947712128349,1,1
8274,0.9953187384451535,1,1
5055,0.25937943040333433,0,0
6327,0.9945183702042054,1,1
2598,0.6501289987767636,1,0
7890,0.006652603792576085,0,0
8761,0.9988673552180699,1,1
3916,0.9889479876065053,1,1
9000,0.7309335546546744,1,1
6743,0.9785135610875122,1,1
3975,0.013069015748164974,0,0
8988,0.04091761281282033,0,0
2586,0.9295556977181455,1,1
7095,0.0176339658032514,0,0
8974,0.9731708316140986,1,1
576,0.04610071709769362,0,0
1591,0.9769968938190731,1,1
4919,0.4233697497668291,0,0
6890,0.9955789932968568,1,1
7610,0.867637625770016,1,0
6402,0.6049702694977696,1,1
2579,0.9633465124459409,1,1
5269,0.5935797025599784,1,1
2224,0.9999169028989072,1,1
7266,0.8026600986674317,1,0
8117,0.9592060524640389,1,1
5798,0.9950331027475681,1,1
3336,0.002185611648473156,0,0
5826,0.5614169699757984,1,1
2014,0.984524582793648,1,1
4228,0.9126633342330779,1,1
6909,0.9996854724060403,1,1
104,0.9998802220049025,1,1
8786,0.00946805880414489,0,0
1793,0.0011763549899540143,0,0
7039,0.7694009412862796,1,1
5422,0.31933360781875897,0,1
7435,0.27282131806175774,0,0
1765,0.9505852230095431,1,1
9992,0.9101576526476346,1,1
7303,0.3777701153012957,0,1
1971,0.00242931502442005,0,0
3153,0.00019046162766558683,0,0
3787,0.9986143906552135,1,1
6164,0.9996349235800197,1,1
4936,0.8856112322435252,1,1
6867,0.9631602758284531,1,1
1033,0.9757293695998303,1,1
5575,0.8364937810787869,1,0
3042,6.270277574448775e-05,0,0
2972,0.9992296928767742,1,1
187,0.995198833032935,1,1
315,0.9072970649049752,1,1
9661,0.997269556016211,1,1
2773,0.9998033748496973,1,1
1928,0.046410476832181295,0,0
6277,0.9746854486557923,1,1
4234,0.9918866134759917,1,1
9124,0.18089404221925795,0,1
1815,0.9940782312915205,1,1
2173,0.020821581761194904,0,0
7676,0.9694929612537688,1,1
9658,0.9893174631793434,1,1
7987,0.7922372291948623,1,0
6158,0.9795039603832146,1,1
5203,0.16076820207322798,0,1
4551,0.31027454338209687,0,0
2492,0.16719441485595102,0,1
133,0.9996959093233069,1,1
6891,0.9286048549151105,1,1
3473,0.0002735994603761093,0,0
5529,0.990733762937025,1,1
1516,0.42985507500912484,0,1
4257,0.9068753712673538,1,1
3659,0.9610129040164728,1,1
7828,0.7282831365192343,1,1
217,0.9954281157020972,1,1
9622,0.998624964501941,1,1
6908,0.999914651607225,1,1
1109,0.8642115846330588,1,1
2237,0.9997135192375278,1,1
1183,0.9571127124584947,1,1
1289,0.2117250372940609,0,0
6722,0.94206502341838,1,1
7902,0.08237109242945646,0,0
2457,0.9566763689354955,1,0
5312,0.8298197027223382,1,1
8110,0.020770634647010136,0,0
1981,0.0004244282356483201,0,0
2752,0.9989738491030008,1,1
4223,0.9611162818227036,1,1
8730,0.9308230240061429,1,1
7918,0.9646713612178813,1,1
5827,0.982081452235166,1,1
3732,0.0010770207101454905,0,0
9704,0.6886530547331546,1,0
9151,0.9662537859318907,1,1
1108,0.9860372929744713,1,1
3243,0.9700102590743795,1,1
4374,0.03784088458175876,0,0
6108,0.0057603382204710965,0,0
3228,0.9997590785963907,1,1
1779,0.5735526799910885,1,1
4494,0.9879888047727255,1,1
4320,0.5982389127501269,1,0
8467,0.9434342094370765,1,1
2439,0.8655043603001122,1,0
9644,0.7227861217519925,1,1
4431,0.5673876717757075,1,0
2146,0.008083713963313938,0,0
5380,0.025971334895549467,0,1
5216,0.9993991516981621,1,1
620,0.7470220442015811,1,1
3893,0.9887225190825352,1,1
8543,0.9851826800100273,1,1
6176,0.21537286385777016,0,1
1043,0.9346145929676671,1,1
9685,0.9530021922644495,1,1
8164,0.2604467208936085,0,0
3161,0.0004899817716577452,0,0
4007,0.9940526949554093,1,1
5776,0.9813059675737139,1,1
1957,0.005516972342035828,0,0
1599,0.6286585302561117,1,0
2426,0.010307874886177626,0,0
9631,0.5642672336238651,1,0
7327,0.9223033758858076,1,1
2889,0.9980174912254833,1,1
6849,0.9491622735050425,1,1
8614,0.9746063033585468,1,1
7440,0.12132212102321323,0,1
2272,0.9995230162599925,1,1
2016,0.09083866032865383,0,0
3106,0.9563162148175511,1,1
4584,0.87074612419652,1,1
8061,0.0007322970328423992,0,0
455,0.9953498922478053,1,1
8084,0.18093635275147948,0,0
3355,0.9958039333126472,1,0
8335,0.00016270104575610367,0,0
5784,0.11723749727379465,0,1
3622,0.6916650494373534,1,1
5015,0.9259496383698956,1,1
8846,0.9004260327046967,1,1
8672,0.02695351980695759,0,0
4560,0.9257784406025542,1,1
6770,0.7230986778088411,1,0
7261,0.9919895775614554,1,1
7784,0.9509913658301113,1,1
9325,0.7142569244749056,1,1
5146,0.3868524221290156,0,0
6213,0.8218015071493229,1,1
2449,0.0013456245673035226,0,0
5701,0.9989070748344614,1,1
7017,0.6298526558990054,1,1
188,0.999639336312671,1,1
3655,0.24284685142313636,0,0
4988,0.9996200236516731,1,1
9268,0.9835797284330128,1,1
7055,0.0008914814386574107,0,0
2052,0.15379564756663835,0,0
2269,0.9966837655294177,1,1
9940,0.9840441591694,1,1
274,0.9629544127838714,1,1
7409,0.959148261861288,1,1
9203,0.9978819833905775,1,1
234,0.9496304664749855,1,1
5659,0.9996700527315264,1,1
4255,0.9647570218422741,1,1
8752,0.992801034598098,1,1
3908,0.9649449649063933,1,1
7576,0.9873177142608142,1,1
9638,0.0004653164909279747,0,0
8842,0.3339835938906719,0,0
84,0.3000310326370748,0,0
4968,0.014377680655343488,0,0
4229,0.9949796032523823,1,1
4045,0.9053710166732729,1,1
1133,0.9879872715957132,1,1
8214,0.8735627950384235,1,0
9870,0.9994537009513704,1,1
2611,0.9944241768966773,1,1
8598,0.6498729807333911,1,0
4510,0.0250665980710168,0,0
788,0.9571240619338514,1,1
6243,0.9786044607453819,1,1
2257,0.999217439134207,1,1
2002,0.902171011094423,1,1
8547,0.8688858847659376,1,1
9549,0.05655493079268792,0,0
7384,0.8816954357689207,1,1
7447,0.8515112636476267,1,1
1396,0.014678345322195535,0,0
4924,0.919982906704183,1,1
451,0.9740987462590117,1,1
7658,0.997955726922104,1,1
5581,0.5529668221394206,1,0
4770,0.15145706694319705,0,0
609,0.8469813102381311,1,1
9324,0.9994798699617797,1,1
4098,0.9638174458273888,1,1
7528,0.2748502908693147,0,0
1938,0.7407022324038189,1,1
3523,0.9816346904623822,1,0
8939,0.18912457977910396,0,0
9574,0.25240464685183767,0,0
5010,0.01449953330521071,0,0
4072,0.32326875907456026,0,0
107,0.999697225894581,1,1
9616,0.0008138989067349771,0,0
1389,0.9792040558755585,1,0
2822,0.021059078354605285,0,0
7420,0.2990640899690362,0,1
9839,0.2997525139031962,0,0
7279,0.5697097414408089,1,0
6060,0.9973432480130988,1,1
4557,0.0003095018447644586,0,0
650,0.14177758729422074,0,1
8472,0.9581894570000304,1,1
4081,0.8117590089356708,1,1
4329,0.6073426399194555,1,1
9535,0.00020605924262472795,0,0
1358,0.9582954361823296,1,1
3939,0.0007300797009313408,0,0
4428,0.0003253203335446115,0,0
3790,0.016691389670527305,0,0
5918,0.5189325731184912,1,1
5874,0.9798143906227714,1,1
4467,0.997193410081325,1,1
9565,0.9991761402030259,1,1
3951,0.9484199813852691,1,1
635,0.9991206358766994,1,1
6169,0.9667889502001238,1,1
5393,0.6369852811917149,1,1
4953,0.9169609683938487,1,1
95,0.0019697833179817487,0,0
5749,0.800540921768153,1,1
5315,0.301410842321395,0,1
4377,0.9992368639256886,1,1
132,0.9999856410702409,1,1
5028,0.9482229996189122,1,1
3938,0.9996103228096535,1,1
8390,0.6117178123661611,1,0
3476,0.9900276860418415,1,1
1197,0.9194469381683436,1,1
1435,0.9998853539746876,1,1
9458,0.01294368807027913,0,0
157,0.9998448932437768,1,1
100,0.9999419382948523,1,1
6244,0.9296267386308513,1,1
3901,0.9912868146572675,1,1
5617,0.058757379618631235,0,0
9384,0.9838901842068353,1,1
2819,0.006429297092216115,0,0
8257,0.5141882118688673,1,1
3407,0.08230160513404763,0,0
7145,0.9992407666368575,1,1
6267,0.9666537286565534,1,0
9735,0.9879426959507978,1,1
1987,0.2622268388468808,0,0
6639,0.9324195313719751,1,1
5364,0.9919038733975284,1,1
9664,0.9148875175506078,1,1
5444,0.004350946480484506,0,0
9716,0.9248039346495736,1,1
7160,0.0030327499805181887,0,0
4441,0.026808197732998654,0,0
2753,0.999721186323326,1,1
4012,0.8328273234263193,1,1
8561,0.9962123351103908,1,1
3256,0.9385422149257568,1,1
3018,0.9166131888515578,1,1
354,0.8891257301264532,1,1
4612,0.735797419305181,1,1
2338,0.9739091489762601,1,1
5926,0.6321100093110723,1,1
6546,0.005622172043582338,0,0
8450,0.7842204645418394,1,1
1453,0.3025583113016129,0,0
3054,0.0005800068318286509,0,0
2096,0.9990825410913045,1,1
6297,0.29556753064663416,0,0
336,0.5007181609264415,1,0
6220,0.8246869262887765,1,0
7715,0.5667201404946821,1,0
8586,0.6034022346621928,1,0
1302,0.8402241699222016,1,1
3670,0.9887852168401905,1,1
6075,0.9976778331675038,1,1
4857,0.00046165394728681715,0,0
5743,0.9647989466681132,1,1
1880,0.9958474863768809,1,1
3522,0.004677707338355707,0,0
1638,0.8686465094570125,1,1
2533,0.9600359126934578,1,1
8625,0.14165399692042732,0,0
8434,0.9985504887134026,1,1
9389,0.9767392748069716,1,1
72,0.9998287946440471,1,1
9951,0.9859129129281069,1,1
2103,0.013209239566377835,0,0
3098,0.46451348112028085,0,0
8966,0.9993414002799763,1,1
3757,0.9541225690239511,1,1
7035,5.168889690621216e-05,0,0
4083,0.9913122255120714,1,1
2796,0.9957989445732109,1,1
6380,0.059222821049968156,0,0
9748,0.9998742246803384,1,1
4891,0.9948906310678843,1,1
168,0.9995975539764368,1,1
9461,0.9750002369353674,1,1
7634,0.1390388355344699,0,0
134,0.9999131099220373,1,1
8068,0.009050254199030125,0,0
5854,0.9803821054634297,1,1
3274,0.7780534564586989,1,0
9372,0.9938277425398927,1,1
3731,0.0007242608207236965,0,0
2640,0.0004926613506394831,0,0
2605,0.9631825274855011,1,1
6063,0.0005226581573784532,0,0
1861,0.9557391067510346,1,1
7702,0.026905211818432244,0,0
9706,0.9991662497726718,1,1
9382,0.9077671041944693,1,1
4587,0.8750208407577804,1,1
9989,0.8710096808444934,1,1
7944,0.0045248858365936565,0,0
6570,0.45328340483105023,0,1
6042,0.2761890283906817,0,0
4634,4.622544294565991e-05,0,0
755,0.7988701960151225,1,1
2938,0.17364448063822388,0,0
8902,0.0005530884271815868,0,0
6305,0.6184020122302151,1,1
9993,0.9536610685164262,1,1
7382,0.7932075952036489,1,1
7643,0.8799823457082672,1,0
312,0.7872294554921893,1,0
3987,0.25830132795418,0,0
9891,0.9984721305325821,1,1
3150,0.9922609025236557,1,1
3623,0.9851784392931632,1,1
6813,0.14402464357865474,0,1
9259,0.733875220855685,1,0
7213,0.9287993465433505,1,1
7089,0.9957248246672505,1,1
5755,0.004814919063730166,0,0
2655,0.000287398465669883,0,0
2104,0.017362820596447556,0,0
2477,0.0008160935876517109,0,0
6116,0.9826307923694371,1,1
2271,0.9981447288543793,1,1
1002,0.7835624091918543,1,1
2956,0.044799205745754404,0,0
6745,0.3855832148054791,0,1
6013,0.9691675541939285,1,1
7773,0.012244665857565479,0,0
5868,0.007491300662899505,0,0
5978,0.8369098493674862,1,1
8658,0.8744882693195613,1,0
6707,0.9320737436283884,1,1
4207,0.04674645280296485,0,0
2006,0.044614837624496084,0,0
9749,0.9915919129478786,1,1
2192,0.9825343010934455,1,1
4412,0.0005000441503866331,0,0
9413,0.31453929657701485,0,0
6955,0.9987373816928866,1,1
3991,0.9632722071063067,1,0
2607,0.037183181721116905,0,0
3350,0.8451289964695221,1,1
7921,0.6597948072751122,1,1
3170,0.9941099609518456,1,1
2878,0.8608913649914499,1,1
2758,0.9999024094446225,1,1
9910,0.35953781576272104,0,0
9318,0.9480732786022827,1,0
8165,0.9711341501972187,1,1
5212,0.006316459239825443,0,0
764,0.9914606388301385,1,1
1193,0.9995082177236175,1,1
7413,0.0008557247810121671,0,0
183,0.9997636384868281,1,1
2820,0.8620364493870412,1,1
3521,0.9485349221269747,1,0
2971,0.0020570835792354867,0,0
8095,0.997675522821452,1,1
9510,0.0029390560548535846,0,0
243,0.9999247665683996,1,1
3504,0.0004844027620163613,0,0
7187,0.9375576315178131,1,0
2211,0.9999062133720759,1,1
4955,0.889319554685462,1,0
6131,0.9877979651432135,1,0
2980,0.3561076956136204,0,0
7147,0.9792102505705428,1,1
7607,0.9850918343801398,1,1
6987,0.9781224242853819,1,1
2009,0.9851712531620783,1,1
7624,0.9936147812818283,1,1
5276,0.9971514387507268,1,1
6239,0.009083764582115513,0,0
5075,0.9833885253018471,1,1
4561,0.9736012625370232,1,1
6057,0.9833658476526854,1,1
1487,0.9999244275807772,1,1
4408,0.001246037827361359,0,0
7825,0.967627940732111,1,1
4038,0.788502788408082,1,1
1216,0.3267803937657395,0,1
9387,0.8081931891599995,1,1
6679,0.09928999700649846,0,0
2793,0.9571538149417054,1,1
3251,0.9630076522450052,1,1
8765,0.9998805039605827,1,1
6975,0.9998349855877392,1,1
8125,0.8791266000893357,1,1
1623,0.0004500576988760579,0,0
6894,0.0001630556811403628,0,0
2592,0.0007292669683376319,0,0
2288,0.9921306624885305,1,1
8659,0.2379844551783865,0,0
4765,0.7422021275755326,1,0
8172,0.605256878798697,1,1
5613,0.7833688197832767,1,1
925,0.9591554083472521,1,1
8912,0.00286272535998826,0,0
6422,0.9770211397147759,1,1
4373,0.3902315496335421,0,1
4901,0.883224073110906,1,1
924,0.8262417088064662,1,1
5963,0.9895062011535873,1,1
8887,0.9977750973603023,1,1
2039,0.871695143196094,1,1
4303,0.990101864612083,1,1
2368,0.8991538297771418,1,1
5384,0.8687926555578379,1,1
9153,0.9997080885537346,1,1
7932,0.00980366815790709,0,0
7622,0.921864761879244,1,1
4180,0.9729420084957111,1,1
9519,0.9606522845723054,1,1
1405,0.9997999939298589,1,1
4469,0.8841029638826896,1,1
3685,0.33715229095841265,0,0
3937,0.8368047904387835,1,1
8858,0.9887171658357486,1,1
6730,0.9213639535611067,1,1
1181,0.9699819597993204,1,1
9929,0.04713838876040029,0,0
9239,0.5816912341935061,1,1
9497,0.00021356871204038228,0,0
131,0.9993216702871831,1,1
4827,0.7753740251550234,1,1
9764,0.9909388397513795,1,1
4195,0.12490135411257038,0,0
3668,0.9872727084651225,1,1
4278,0.9860373059924507,1,1
5737,0.9369574502523121,1,1
7760,0.001356228765326418,0,0
5519,0.3661552277549723,0,0
4579,0.0950540411064016,0,1
67,0.9890064068609231,1,1
8375,0.99833978064849,1,1
3231,0.0004594338342196544,0,0
1738,0.0004735161486565309,0,0
5383,0.9361744777030928,1,1
8995,0.9986744600430079,1,1
5637,0.9850613000339709,1,1
4576,0.9938496218116833,1,1
5191,0.9848801464728772,1,1
637,0.8263369547628608,1,0
1057,0.697221956242601,1,1
5288,0.7731670476240431,1,1
7568,0.9733457708828509,1,1
1360,0.9483458974640054,1,1
6915,0.9847846408581294,1,1
2188,0.9979872904657704,1,1
6020,0.0023495726625700247,0,0
7107,0.9203383535585918,1,1
743,0.5096205577449833,1,1
2641,0.000519897850227948,0,0
6810,0.9949849827256768,1,1
6266,0.9541371946286357,1,1
4193,0.2786763665380094,0,0
4685,0.7168146665579088,1,1
1707,0.04417382690437012,0,0
5551,0.8031709256805468,1,1
4604,0.9946824192700118,1,1
6803,0.9868025272925146,1,1
6489,0.7593909818238088,1,1
8651,0.9580976420624978,1,1
8383,0.29005289449654714,0,0
2900,0.4347027746247638,0,1
3567,0.007747407640806096,0,0
3433,0.9101623758429469,1,1
233,0.9853979310419932,1,1
9890,0.7413106263463971,1,1
2687,0.0016283391347555606,0,0
3756,0.9911061507151966,1,1
4985,0.9668060839910179,1,1
898,0.7233731496854666,1,1
2402,0.0005274907167595804,0,0
7059,0.4962775610307046,0,1
641,0.0006792633678968625,0,0
8410,0.00016478240494880334,0,0
6864,0.8916887359731333,1,1
7865,0.9501544021240916,1,1
7018,0.05024297939392574,0,0
2243,0.9982123172299738,1,1
4355,0.47971885807031983,0,0
8300,0.9974135357413444,1,1
8649,0.05158294991386935,0,0
5553,0.9280311363905942,1,1
5699,0.9940456945867057,1,1
4417,0.8491574815549686,1,0
9966,0.3677733049246168,0,1
3003,0.002464918045471069,0,0
8904,0.010875054354986764,0,0
7438,0.46748277882689004,0,0
3569,0.998648461143667,1,1
7980,0.9553323329087632,1,1
9786,0.9956939569391662,1,1
5138,0.9841595790666549,1,1
6640,0.0018954125328947437,0,0
3592,0.9847528562554801,1,1
2733,0.9996873299924051,1,1
8897,0.2100368021949713,0,1
5777,0.9423638468136403,1,1
8646,0.0003063336842674972,0,0
4524,0.0003152398261574182,0,0
716,0.004612557042869529,0,0
6796,0.005538070456743999,0,0
2562,0.9933358091022391,1,1
1260,0.9980440567490905,1,1
6937,0.9915702681507106,1,1
5069,0.8668034895421821,1,1
6316,0.4554834253480297,0,0
9727,0.27803076187645615,0,1
5997,0.8759717117981032,1,0
7181,0.9659615856161355,1,1
9355,0.9223023072176464,1,0
1521,0.983673934616529,1,1
8867,0.0014681557378957123,0,0
4313,0.1452112925769723,0,1
8263,0.03458433457447622,0,0
9518,0.6058980701979679,1,1
2929,0.04365081376684507,0,0
3771,0.9778146069734555,1,1
496,0.9999281249325833,1,1
1231,0.903057461352955,1,1
4669,0.9551623072901552,1,0
9515,0.9895731434636191,1,1
8671,0.004375126801145904,0,0
2010,0.403200505434378,0,0
7485,0.9767396468256826,1,1
2677,0.0014212435970083243,0,0
8679,8.344343264955035e-05,0,0
6353,0.5809614863599839,1,0
820,0.3144483668218227,0,1
2749,0.0016545941756495027,0,0
5848,0.155772393136906,0,0
372,0.5528444380156022,1,0
3725,0.2554283087942242,0,0
1575,0.08255530112831999,0,0
5455,0.14977756784461632,0,0
5029,0.9302227378519231,1,1
3970,0.9635064555328636,1,1
6400,0.9803842298882044,1,1
3351,0.0025371503193422767,0,0
2017,0.32825436027870203,0,1
7256,0.961287363223531,1,1
7765,0.36506955140109926,0,0
7884,0.998542421244533,1,1
5534,0.9632934460509447,1,1
3328,0.013299285221850726,0,0
5467,0.9301252269593323,1,1
9305,0.48966815510666767,0,1
6482,0.007780277438910793,0,0
8998,0.9983567090794624,1,1
163,0.30848525667740306,0,0
4416,0.0024306944633981243,0,0
8284,0.09925826484950623,0,0
3394,0.9955874018704018,1,1
4118,0.894965109544569,1,0
8613,0.6208756808423262,1,0
197,0.998429414628143,1,1
8303,0.8088598178369839,1,1
3789,0.7775957649386609,1,1
9265,0.6652698952168933,1,0
845,0.9987980617345936,1,1
3309,0.20148247021301605,0,0
1503,0.04932960971426436,0,0
2360,0.7467380381311419,1,1
7830,0.608063216401105,1,0
462,0.9997254379176708,1,1
4784,0.5575200651233142,1,0
3137,0.9908603409806959,1,1
5907,0.6343663829740002,1,1
4884,0.3490804698245792,0,0
2685,0.8161128706501143,1,1
3972,0.0661131524193155,0,0
5116,0.8056769634287914,1,1
6830,0.44254520524115876,0,0
4043,0.4428803694756671,0,0
8479,0.8780472984806447,1,0
6795,0.5053209163278077,1,0
5631,0.00023430813018726656,0,0
6619,0.6875686042370907,1,1
5984,0.87618721539066,1,1
8146,0.002763056883904596,0,0
9341,0.9784598031060425,1,0
1714,0.004122446817054219,0,0
8091,0.10054281662966849,0,0
3406,0.02121199581013439,0,0
4194,0.5263922256091458,1,0
8483,0.008867869072745114,0,0
6088,0.9812806306746905,1,1
8473,0.9145445798544083,1,1
180,0.999140131612541,1,1
9713,0.9044392181185988,1,1
5987,0.9152013521818015,1,1
5867,0.9438802415725683,1,1
6186,0.9638961609580119,1,1
3415,0.8474349379327205,1,1
7972,0.9829961431802022,1,1
7838,0.9981076840144298,1,1
6045,0.06196678479744926,0,0
220,0.888295154225534,1,1
5909,0.24556642619388616,0,1
3900,0.9679122538849638,1,1
8875,0.8642251489474133,1,1
5767,0.9587937991145878,1,1
1380,0.018847141829131765,0,0
2084,0.22873763914172068,0,0
344,0.016911133047775365,0,0
1366,0.9994831998892387,1,1
1130,0.9979019680326185,1,1
914,0.9838997986726065,1,1
2100,0.01297264862164639,0,0
7048,0.9925234807611304,1,1
2,0.9999329986486352,1,1
9065,0.8234733252575972,1,1
1838,0.977271568845612,1,1
4048,0.8763884269700899,1,1
9344,0.00019981774617205652,0,0
6916,0.9984316061926036,1,1
8354,0.9953587812402775,1,1
7945,0.9893859526409484,1,1
4673,0.19335141848371354,0,0
9863,0.9601009530751596,1,1
3913,0.413772840634282,0,1
2931,0.8096812794899575,1,0
2757,0.9998005901472271,1,1
7341,0.5586136893351268,1,0
8879,0.9576039461929882,1,1
7844,0.9991648500574677,1,1
5691,0.9996626613812288,1,1
3884,0.9975011206110973,1,1
5718,0.9694481491843988,1,1
5356,0.9875666233337506,1,1
7515,0.7569327732252336,1,1
3915,0.7787509345762886,1,0
3561,0.9902303261747174,1,1
1979,0.0056474759547982985,0,0
4103,0.9894814387368656,1,1
2395,0.13982678005144397,0,1
671,0.2909821497716572,0,0
8781,0.00946805880414489,0,0
1850,0.9891612718112479,1,1
8596,0.7764772375818543,1,1
7837,0.9940935608594963,1,1
6200,0.0011841730805847194,0,0
8950,0.9862437815900208,1,1
3341,0.0005827385879874826,0,0
4821,0.844722642240058,1,1
7123,0.9909948908323586,1,1
182,0.9998985907314633,1,1
4488,0.996733491641069,1,1
3301,0.9217638821611145,1,1
369,0.586528421822622,1,1
302,0.9958784274523699,1,1
4928,0.5400093951063392,1,0
9066,0.08045809166645052,0,0
7511,0.2644067614529257,0,0
8838,0.8789479091145713,1,1
891,0.7298393351379825,1,1
8766,0.8223650261560589,1,1
7111,0.5590830914537205,1,0
2874,0.9021181875434818,1,1
6557,0.04650948833824019,0,0
2319,0.015348027178303941,0,0
9281,0.1697756188160691,0,0
7764,0.8142443072083836,1,1
4061,0.9924027775222706,1,1
8928,0.06165877390428015,0,0
8089,0.9152993076886844,1,1
8898,0.5107365314460508,1,1
9600,0.6053921735485807,1,0
2221,0.9998221926374862,1,1
923,0.0014843633789359807,0,0
538,0.003234896656785193,0,0
9106,0.9952291011379923,1,1
5421,0.00033393433542454565,0,0
966,0.9998211967640462,1,1
8632,0.9811536482390927,1,0
3608,0.7544144770489707,1,1
8093,0.12639039971333732,0,1
5027,0.16617441746299866,0,0
8444,0.9994829316100432,1,1
9186,0.003240675663704241,0,0
4460,0.9461903723504924,1,1
7730,0.9727964272001578,1,1
2574,0.000289614577125207,0,0
4732,0.0009480067313368272,0,0
3364,5.3287079221529666e-05,0,0
546,0.9972079594488482,1,1
9728,0.9951523300672647,1,1
7888,0.7566816393820719,1,1
6682,0.9849948777866493,1,0
493,0.01784135436673271,0,0
7668,0.00030029049609889806,0,0
6542,0.34553997798787195,0,0
9204,0.07997698782088461,0,0
8710,0.2474642129370771,0,1
2374,0.6626787609198669,1,0
1832,0.005199424739682569,0,0
7543,0.004014456779082117,0,0
1379,0.649378972973316,1,0
6095,0.004893028636112799,0,0
6202,0.6521746483177561,1,0
1988,0.9569593698811372,1,1
481,0.9994203101461725,1,1
2322,0.846733927163188,1,1
6407,0.7501893668817545,1,1
3680,0.9148384242971144,1,1
2393,0.0544262455701022,0,0
3989,0.942487987526525,1,1
6643,0.30041570456850714,0,0
4766,0.32317229145711573,0,0
2055,0.8551512550777874,1,1
7198,0.9760324251021038,1,1
6768,0.975204122095233,1,1
8429,0.9645768789481942,1,1
8187,0.4356914687498142,0,1
6415,0.9125223861238464,1,1
7974,0.9717205497241557,1,1
2054,0.9622438408644542,1,1
3854,0.914692053669781,1,1
3934,0.9942482790953733,1,1
6564,0.7414787846764583,1,1
9712,0.661982308598334,1,1
2850,0.9754154935280601,1,1
1241,0.0005938074246241967,0,0
3644,0.9754221018858039,1,1
1726,0.00039658578092865315,0,0
4240,0.9613990886071803,1,1
2295,0.9950048399056118,1,1
6692,0.0023346663842858406,0,0
9970,0.1556758644439684,0,0
4771,0.9620940550446031,1,1
5735,0.039888084176887946,0,0
3337,0.0059254958042000705,0,0
860,0.9605081788362733,1,0
8337,0.9776353072797299,1,1
1646,0.7921167739653912,1,0
4368,0.33390092430465296,0,1
2266,0.9998619918154475,1,1
4741,0.016390378201363732,0,0
3907,0.028719475210852434,0,0
3953,0.9205494466881315,1,1
8627,0.5795619131644032,1,0
2930,0.004013506420970765,0,0
2433,0.9301649816192594,1,0
